[
  {
    "id": 1,
    "balance": 3725.66,
    "age": 38,
    "name": "Anna-diane McCorry",
    "gender": "Female",
    "company": "Bauch-Tromp",
    "email": "amccorry0@topsy.com",
    "phone": "200-604-0099",
    "address": "77296 Loftsgordon Road"
  },
  {
    "id": 2,
    "balance": 5307.68,
    "age": 41,
    "name": "Jonathon Whitman",
    "gender": "Male",
    "company": "Corwin-Muller",
    "email": "jwhitman1@webeden.co.uk",
    "phone": "227-497-0656",
    "address": "097 Charing Cross Court"
  },
  {
    "id": 3,
    "balance": 1256.77,
    "age": 47,
    "name": "Pablo Oxtiby",
    "gender": "Male",
    "company": "Cassin, Goldner and Hackett",
    "email": "poxtiby2@fastcompany.com",
    "phone": "336-776-5520",
    "address": "08977 Sunfield Court"
  },
  {
    "id": 4,
    "balance": 2249.11,
    "age": 37,
    "name": "Thurstan Clampe",
    "gender": "Male",
    "company": "Weimann Inc",
    "email": "tclampe3@yandex.ru",
    "phone": "973-700-1888",
    "address": "64 Eliot Point"
  },
  {
    "id": 5,
    "balance": 2696.27,
    "age": 46,
    "name": "Rhys Birkwood",
    "gender": "Male",
    "company": "Mayert, Haag and Marvin",
    "email": "rbirkwood4@usa.gov",
    "phone": "151-357-1694",
    "address": "55841 Cambridge Point"
  },
  {
    "id": 6,
    "balance": 5321.73,
    "age": 55,
    "name": "Morgen Gallop",
    "gender": "Male",
    "company": "Stracke-Gleichner",
    "email": "mgallop5@icio.us",
    "phone": "878-229-8816",
    "address": "6840 Orin Road"
  },
  {
    "id": 7,
    "balance": 4689.19,
    "age": 52,
    "name": "Isadore Harriagn",
    "gender": "Male",
    "company": "Rice, Wintheiser and Brekke",
    "email": "iharriagn6@yandex.ru",
    "phone": "678-708-3378",
    "address": "1 Mosinee Street"
  },
  {
    "id": 8,
    "balance": 3239.46,
    "age": 38,
    "name": "Debi Odcroft",
    "gender": "Female",
    "company": "Hagenes Inc",
    "email": "dodcroft7@canalblog.com",
    "phone": "898-743-6009",
    "address": "0 Nova Street"
  },
  {
    "id": 9,
    "balance": 5367.83,
    "age": 23,
    "name": "Gae Van Hault",
    "gender": "Female",
    "company": "Sipes, Hackett and Hoppe",
    "email": "gvan8@indiegogo.com",
    "phone": "748-776-1360",
    "address": "5934 Sommers Crossing"
  },
  {
    "id": 10,
    "balance": 1900.48,
    "age": 46,
    "name": "Boony Greatrakes",
    "gender": "Male",
    "company": "Littel Group",
    "email": "bgreatrakes9@yandex.ru",
    "phone": "679-283-4255",
    "address": "7 Anthes Plaza"
  },
  {
    "id": 11,
    "balance": 3246.68,
    "age": 49,
    "name": "Harmony Grzelak",
    "gender": "Female",
    "company": "Ullrich-Davis",
    "email": "hgrzelaka@yelp.com",
    "phone": "112-669-7045",
    "address": "29 Tony Junction"
  },
  {
    "id": 12,
    "balance": 4052.37,
    "age": 56,
    "name": "Pippo Prator",
    "gender": "Male",
    "company": "Walker-Harris",
    "email": "ppratorb@bloglovin.com",
    "phone": "130-401-6761",
    "address": "30 Village Center"
  },
  {
    "id": 13,
    "balance": 5397.54,
    "age": 46,
    "name": "Mellicent Coom",
    "gender": "Female",
    "company": "Hermann, Kulas and Parisian",
    "email": "mcoomc@quantcast.com",
    "phone": "518-825-8689",
    "address": "9 Kedzie Park"
  },
  {
    "id": 14,
    "balance": 1499.99,
    "age": 50,
    "name": "Josey Bradd",
    "gender": "Female",
    "company": "Osinski Group",
    "email": "jbraddd@cnn.com",
    "phone": "549-308-2982",
    "address": "6688 Pawling Way"
  },
  {
    "id": 15,
    "balance": 3556.29,
    "age": 49,
    "name": "Loreen Message",
    "gender": "Female",
    "company": "Willms Inc",
    "email": "lmessagee@i2i.jp",
    "phone": "693-247-4142",
    "address": "629 Amoth Street"
  },
  {
    "id": 16,
    "balance": 5228.72,
    "age": 20,
    "name": "Ahmad Chelam",
    "gender": "Male",
    "company": "Koepp-West",
    "email": "achelamf@free.fr",
    "phone": "255-477-6668",
    "address": "285 Kensington Point"
  },
  {
    "id": 17,
    "balance": 4133.34,
    "age": 33,
    "name": "Timotheus Silley",
    "gender": "Male",
    "company": "Rolfson, Shanahan and Satterfield",
    "email": "tsilleyg@flickr.com",
    "phone": "346-276-4060",
    "address": "14 Vidon Crossing"
  },
  {
    "id": 18,
    "balance": 4989.3,
    "age": 40,
    "name": "Vale McClements",
    "gender": "Male",
    "company": "Schiller, Murphy and Emmerich",
    "email": "vmcclementsh@w3.org",
    "phone": "978-373-0485",
    "address": "02868 Sunbrook Pass"
  },
  {
    "id": 19,
    "balance": 4445.08,
    "age": 46,
    "name": "Dare Repp",
    "gender": "Male",
    "company": "Flatley Group",
    "email": "dreppi@github.com",
    "phone": "809-443-7573",
    "address": "4 Springs Pass"
  },
  {
    "id": 20,
    "balance": 1506.78,
    "age": 20,
    "name": "Hally Vasyutichev",
    "gender": "Female",
    "company": "Stehr, Hamill and Metz",
    "email": "hvasyutichevj@businessweek.com",
    "phone": "294-238-4013",
    "address": "60280 Sheridan Park"
  },
  {
    "id": 21,
    "balance": 5721.26,
    "age": 43,
    "name": "Erinna Scarf",
    "gender": "Female",
    "company": "Swift Group",
    "email": "escarfk@house.gov",
    "phone": "598-309-1672",
    "address": "37 Macpherson Drive"
  },
  {
    "id": 22,
    "balance": 3540.91,
    "age": 30,
    "name": "Faye Gahagan",
    "gender": "Female",
    "company": "Romaguera LLC",
    "email": "fgahaganl@miitbeian.gov.cn",
    "phone": "940-964-2975",
    "address": "687 Katie Road"
  },
  {
    "id": 23,
    "balance": 5222.38,
    "age": 56,
    "name": "Roddie Dumbare",
    "gender": "Male",
    "company": "Gleichner, Farrell and Ratke",
    "email": "rdumbarem@goo.gl",
    "phone": "547-280-2864",
    "address": "86102 Surrey Avenue"
  },
  {
    "id": 24,
    "balance": 1512.96,
    "age": 24,
    "name": "Tiffanie Coltan",
    "gender": "Female",
    "company": "Reinger Group",
    "email": "tcoltann@deviantart.com",
    "phone": "497-577-1523",
    "address": "19479 Talisman Street"
  },
  {
    "id": 25,
    "balance": 1453.36,
    "age": 34,
    "name": "Kippy Proswell",
    "gender": "Male",
    "company": "Sawayn-Kuhlman",
    "email": "kproswello@uiuc.edu",
    "phone": "861-599-4376",
    "address": "14 Armistice Plaza"
  },
  {
    "id": 26,
    "balance": 3602.45,
    "age": 36,
    "name": "Hyacintha Hanbury",
    "gender": "Female",
    "company": "Shanahan, Kemmer and Bauch",
    "email": "hhanburyp@omniture.com",
    "phone": "119-997-8769",
    "address": "0 Mayer Pass"
  },
  {
    "id": 27,
    "balance": 1992.44,
    "age": 41,
    "name": "Raye Fulger",
    "gender": "Female",
    "company": "Hintz Group",
    "email": "rfulgerq@livejournal.com",
    "phone": "967-628-0371",
    "address": "80644 Pine View Junction"
  },
  {
    "id": 28,
    "balance": 2102.12,
    "age": 36,
    "name": "Meridel Hallihan",
    "gender": "Female",
    "company": "Durgan, Gottlieb and Spinka",
    "email": "mhallihanr@google.com.au",
    "phone": "592-907-7560",
    "address": "76290 Eliot Alley"
  },
  {
    "id": 29,
    "balance": 4557.47,
    "age": 26,
    "name": "Clarke Cram",
    "gender": "Male",
    "company": "Pagac-Schaefer",
    "email": "ccrams@yahoo.co.jp",
    "phone": "900-361-1642",
    "address": "7 Sunfield Place"
  },
  {
    "id": 30,
    "balance": 1293.42,
    "age": 58,
    "name": "Lorianne Niblock",
    "gender": "Female",
    "company": "Krajcik-Ledner",
    "email": "lniblockt@tinyurl.com",
    "phone": "854-583-0850",
    "address": "38 Upham Way"
  },
  {
    "id": 31,
    "balance": 5197.56,
    "age": 58,
    "name": "Marieann Fiddy",
    "gender": "Female",
    "company": "Dach-Jast",
    "email": "mfiddyu@weather.com",
    "phone": "515-962-3223",
    "address": "4869 American Place"
  },
  {
    "id": 32,
    "balance": 3928.3,
    "age": 21,
    "name": "Kandace Adess",
    "gender": "Female",
    "company": "Willms-Runolfsdottir",
    "email": "kadessv@163.com",
    "phone": "565-706-4058",
    "address": "0 Wayridge Avenue"
  },
  {
    "id": 33,
    "balance": 1969.57,
    "age": 55,
    "name": "Chrysa Braunle",
    "gender": "Female",
    "company": "Gislason, Stehr and Nolan",
    "email": "cbraunlew@sphinn.com",
    "phone": "662-672-4040",
    "address": "4 Declaration Center"
  },
  {
    "id": 34,
    "balance": 2584.75,
    "age": 36,
    "name": "Kliment Peschke",
    "gender": "Male",
    "company": "Bode Group",
    "email": "kpeschkex@nymag.com",
    "phone": "608-233-7426",
    "address": "04776 Susan Way"
  },
  {
    "id": 35,
    "balance": 2592.19,
    "age": 55,
    "name": "King Gath",
    "gender": "Male",
    "company": "Hermann LLC",
    "email": "kgathy@google.com.br",
    "phone": "583-879-6743",
    "address": "6 Manufacturers Way"
  },
  {
    "id": 36,
    "balance": 5848.73,
    "age": 39,
    "name": "Bancroft Abrahm",
    "gender": "Male",
    "company": "O'Hara Inc",
    "email": "babrahmz@artisteer.com",
    "phone": "277-338-2218",
    "address": "31546 Rutledge Trail"
  },
  {
    "id": 37,
    "balance": 4608.76,
    "age": 52,
    "name": "Thorvald Pople",
    "gender": "Male",
    "company": "Jast Inc",
    "email": "tpople10@pbs.org",
    "phone": "446-578-4006",
    "address": "41 Mayer Drive"
  },
  {
    "id": 38,
    "balance": 1003.52,
    "age": 48,
    "name": "Etan Brash",
    "gender": "Male",
    "company": "Jerde, Pfannerstill and Mayert",
    "email": "ebrash11@google.ca",
    "phone": "523-234-5837",
    "address": "74390 Menomonie Terrace"
  },
  {
    "id": 39,
    "balance": 4315.55,
    "age": 22,
    "name": "Mirabel Harse",
    "gender": "Female",
    "company": "Bernier and Sons",
    "email": "mharse12@youku.com",
    "phone": "335-975-5709",
    "address": "0 Leroy Lane"
  },
  {
    "id": 40,
    "balance": 5459.62,
    "age": 57,
    "name": "Cassey Mynott",
    "gender": "Female",
    "company": "Dietrich, Toy and Bogisich",
    "email": "cmynott13@opensource.org",
    "phone": "354-440-2846",
    "address": "14441 Haas Avenue"
  },
  {
    "id": 41,
    "balance": 2881.45,
    "age": 39,
    "name": "Fan Mitroshinov",
    "gender": "Female",
    "company": "Heathcote and Sons",
    "email": "fmitroshinov14@abc.net.au",
    "phone": "249-299-0281",
    "address": "090 Lunder Circle"
  },
  {
    "id": 42,
    "balance": 5985.61,
    "age": 47,
    "name": "Levy Ever",
    "gender": "Male",
    "company": "Mueller Inc",
    "email": "lever15@wikia.com",
    "phone": "236-746-3766",
    "address": "8524 Weeping Birch Alley"
  },
  {
    "id": 43,
    "balance": 3315.83,
    "age": 20,
    "name": "Linzy Iffland",
    "gender": "Female",
    "company": "Leuschke-Mills",
    "email": "liffland16@foxnews.com",
    "phone": "979-458-0551",
    "address": "856 Monterey Parkway"
  },
  {
    "id": 44,
    "balance": 5937.88,
    "age": 55,
    "name": "Celinka Spinley",
    "gender": "Female",
    "company": "Gusikowski, Mraz and Dicki",
    "email": "cspinley17@hc360.com",
    "phone": "405-373-3505",
    "address": "65009 Brentwood Court"
  },
  {
    "id": 45,
    "balance": 5038.69,
    "age": 56,
    "name": "Tess Chritchley",
    "gender": "Female",
    "company": "Waters-Blick",
    "email": "tchritchley18@goo.ne.jp",
    "phone": "993-788-5529",
    "address": "5465 Oakridge Way"
  },
  {
    "id": 46,
    "balance": 2570.18,
    "age": 48,
    "name": "Lionello Beardall",
    "gender": "Male",
    "company": "Walsh, Wilkinson and Kris",
    "email": "lbeardall19@wiley.com",
    "phone": "986-220-4038",
    "address": "0547 Mayer Street"
  },
  {
    "id": 47,
    "balance": 3478.78,
    "age": 30,
    "name": "Ozzie Flitcroft",
    "gender": "Male",
    "company": "Goldner, Corkery and Tillman",
    "email": "oflitcroft1a@privacy.gov.au",
    "phone": "316-921-7673",
    "address": "71 Loomis Parkway"
  },
  {
    "id": 48,
    "balance": 5333.08,
    "age": 24,
    "name": "Filmore Mohun",
    "gender": "Male",
    "company": "Dickinson-Bergnaum",
    "email": "fmohun1b@dagondesign.com",
    "phone": "340-292-8694",
    "address": "05 Kropf Circle"
  },
  {
    "id": 49,
    "balance": 4849.92,
    "age": 19,
    "name": "Emilee Rissen",
    "gender": "Female",
    "company": "O'Hara LLC",
    "email": "erissen1c@nih.gov",
    "phone": "840-849-3647",
    "address": "640 Ridgeway Crossing"
  },
  {
    "id": 50,
    "balance": 1013.4,
    "age": 42,
    "name": "Shelby Frazier",
    "gender": "Female",
    "company": "Lockman-Goodwin",
    "email": "sfrazier1d@hp.com",
    "phone": "492-994-5591",
    "address": "159 Valley Edge Court"
  }
]
