[{"id":1,"oznakaPS":1400,"nazivNV":"Nienow, Nitzsche and Kovacek","region":"Sakerta Timur","mail":"vorrin0@blogger.com"},
{"id":2,"oznakaPS":6377,"nazivNV":"Collins Inc","region":"Limoges","mail":"jmurtell1@ox.ac.uk"},
{"id":3,"oznakaPS":1046,"nazivNV":"Altenwerth and Sons","region":"Lukou","mail":"mmatejic2@wiley.com"},
{"id":4,"oznakaPS":6611,"nazivNV":"Dicki-Mueller","region":"Guayatá","mail":"wlionel3@freewebs.com"},
{"id":5,"oznakaPS":6264,"nazivNV":"Tremblay, Heidenreich and Gleason","region":"Vitry-le-François","mail":"mstruis4@quantcast.com"},
{"id":6,"oznakaPS":5510,"nazivNV":"Wuckert, Towne and Funk","region":"Sesheke","mail":"mbenzies5@sciencedaily.com"},
{"id":7,"oznakaPS":4724,"nazivNV":"Haley, Waelchi and Oberbrunner","region":"San Agustin","mail":"kpasse6@washington.edu"},
{"id":8,"oznakaPS":9032,"nazivNV":"Steuber LLC","region":"Hajnówka","mail":"tfalck7@samsung.com"},
{"id":9,"oznakaPS":9142,"nazivNV":"Crona-Rogahn","region":"Foundiougne","mail":"pmccleary8@noaa.gov"},
{"id":10,"oznakaPS":2592,"nazivNV":"Barrows-Wunsch","region":"Jiuzhen","mail":"cjozsef9@about.me"},
{"id":11,"oznakaPS":5141,"nazivNV":"Ortiz Group","region":"Shangpai","mail":"smorralleea@seattletimes.com"},
{"id":12,"oznakaPS":1097,"nazivNV":"Wehner-Homenick","region":"Dubki","mail":"prouzetb@goodreads.com"},
{"id":13,"oznakaPS":5129,"nazivNV":"Lowe, Spencer and Heidenreich","region":"Uwa","mail":"dheugelc@wikia.com"},
{"id":14,"oznakaPS":7764,"nazivNV":"Blanda-Bahringer","region":"Polowat","mail":"acarrigand@ifeng.com"},
{"id":15,"oznakaPS":3309,"nazivNV":"Pfeffer-Mraz","region":"Yurla","mail":"sbilline@seattletimes.com"},
{"id":16,"oznakaPS":9984,"nazivNV":"Kihn Inc","region":"Железный порт","mail":"grendlef@godaddy.com"},
{"id":17,"oznakaPS":3550,"nazivNV":"Murazik LLC","region":"Lymanske","mail":"rlouwg@cnn.com"},
{"id":18,"oznakaPS":5414,"nazivNV":"Schulist-Williamson","region":"Jiuxi","mail":"pgilsonh@fotki.com"},
{"id":19,"oznakaPS":9222,"nazivNV":"Hintz, Bednar and Runolfsdottir","region":"Sanjiang","mail":"jquinceyi@ucoz.ru"},
{"id":20,"oznakaPS":2998,"nazivNV":"Gleason, Aufderhar and Bode","region":"Bambari","mail":"aparzisj@msn.com"},
{"id":21,"oznakaPS":7659,"nazivNV":"Ziemann-Stoltenberg","region":"Georgetown","mail":"ckissellk@usa.gov"},
{"id":22,"oznakaPS":4406,"nazivNV":"Wiza-Corwin","region":"Muritiba","mail":"acammackel@naver.com"},
{"id":23,"oznakaPS":5352,"nazivNV":"Harris LLC","region":"Yabrūd","mail":"snixm@google.com.hk"},
{"id":24,"oznakaPS":8720,"nazivNV":"McLaughlin Inc","region":"Cisek","mail":"einchn@vinaora.com"},
{"id":25,"oznakaPS":2456,"nazivNV":"Boyle-White","region":"Sidamukti","mail":"bpulmano@npr.org"},
{"id":26,"oznakaPS":2581,"nazivNV":"Kuvalis, Steuber and Sanford","region":"Bous","mail":"tpratleyp@so-net.ne.jp"},
{"id":27,"oznakaPS":1826,"nazivNV":"Feest, Purdy and Cassin","region":"Petrijevci","mail":"msinsonq@usa.gov"},
{"id":28,"oznakaPS":8314,"nazivNV":"Pfeffer-Hammes","region":"Pata","mail":"vtrudgeonr@nba.com"},
{"id":29,"oznakaPS":8422,"nazivNV":"Weimann-Metz","region":"Båstad","mail":"lbolwells@comsenz.com"},
{"id":30,"oznakaPS":2087,"nazivNV":"Sauer, Yundt and Bartoletti","region":"Chor","mail":"rnapoleonet@paginegialle.it"},
{"id":31,"oznakaPS":4033,"nazivNV":"Jerde, Koelpin and Daniel","region":"Mauhao","mail":"rjaumetu@ehow.com"},
{"id":32,"oznakaPS":2578,"nazivNV":"Kuphal-Bartoletti","region":"Pazarić","mail":"amaffyv@zdnet.com"},
{"id":33,"oznakaPS":9881,"nazivNV":"Abshire-Ward","region":"Yulin","mail":"dleistw@usda.gov"},
{"id":34,"oznakaPS":7451,"nazivNV":"Funk, Hills and Champlin","region":"Rîşcani","mail":"dmordeyx@sourceforge.net"},
{"id":35,"oznakaPS":2882,"nazivNV":"Wolf Inc","region":"Jugezhuang","mail":"csansamy@yolasite.com"},
{"id":36,"oznakaPS":4709,"nazivNV":"Prosacco-Daniel","region":"Gasan","mail":"bborgnolz@blinklist.com"},
{"id":37,"oznakaPS":1073,"nazivNV":"Hudson-Cormier","region":"Beberon","mail":"cblaw10@wisc.edu"},
{"id":38,"oznakaPS":5316,"nazivNV":"Bogisich, Bashirian and Gibson","region":"Bandungsari","mail":"elansdale11@mayoclinic.com"},
{"id":39,"oznakaPS":8580,"nazivNV":"Stroman and Sons","region":"Phuket","mail":"fharrington12@dell.com"},
{"id":40,"oznakaPS":2828,"nazivNV":"Bernier and Sons","region":"Al Manāqil","mail":"dbarrie13@studiopress.com"},
{"id":41,"oznakaPS":5900,"nazivNV":"Oberbrunner Group","region":"Maintang","mail":"hfloyde14@nytimes.com"},
{"id":42,"oznakaPS":4999,"nazivNV":"West Group","region":"Washington","mail":"bstlouis15@t.co"},
{"id":43,"oznakaPS":2756,"nazivNV":"Toy, Gulgowski and Wolf","region":"Naawan","mail":"rdocker16@unc.edu"},
{"id":44,"oznakaPS":7738,"nazivNV":"Armstrong-Bauch","region":"Tenjolaya","mail":"bmorch17@privacy.gov.au"},
{"id":45,"oznakaPS":9102,"nazivNV":"Bogisich-Hills","region":"Bystryanka","mail":"ewoollhead18@stumbleupon.com"},
{"id":46,"oznakaPS":1659,"nazivNV":"Schmitt, Hand and Hane","region":"Havířov","mail":"mgrigor19@linkedin.com"},
{"id":47,"oznakaPS":9023,"nazivNV":"Kunde, Aufderhar and Huels","region":"Simão Dias","mail":"wprene1a@princeton.edu"},
{"id":48,"oznakaPS":8737,"nazivNV":"Medhurst-Treutel","region":"Khiv","mail":"iocarran1b@icq.com"},
{"id":49,"oznakaPS":1649,"nazivNV":"Grady-Glover","region":"Salakuray","mail":"clempenny1c@1688.com"},
{"id":50,"oznakaPS":9840,"nazivNV":"Walker Inc","region":"Bājitpur","mail":"aconisbee1d@goodreads.com"},
{"id":51,"oznakaPS":3149,"nazivNV":"Mraz LLC","region":"Lis","mail":"omcelwee1e@ifeng.com"},
{"id":52,"oznakaPS":1704,"nazivNV":"Greenfelder-Swaniawski","region":"Oslo","mail":"jdonnell1f@istockphoto.com"},
{"id":53,"oznakaPS":1464,"nazivNV":"Harris, Davis and Toy","region":"Al Matūn","mail":"galsopp1g@elegantthemes.com"},
{"id":54,"oznakaPS":2681,"nazivNV":"Cruickshank-Turcotte","region":"Urrao","mail":"lpagen1h@taobao.com"},
{"id":55,"oznakaPS":2200,"nazivNV":"Paucek-Fahey","region":"Cihaur","mail":"sashdown1i@nsw.gov.au"},
{"id":56,"oznakaPS":4220,"nazivNV":"Ebert-Walsh","region":"Kebon","mail":"jwallicker1j@twitpic.com"},
{"id":57,"oznakaPS":1388,"nazivNV":"McDermott, Greenholt and Sporer","region":"Stockholm","mail":"skee1k@washingtonpost.com"},
{"id":58,"oznakaPS":8532,"nazivNV":"Yundt Group","region":"Agen","mail":"ostockman1l@addtoany.com"},
{"id":59,"oznakaPS":7072,"nazivNV":"Hickle Inc","region":"Entre Rios","mail":"hbilton1m@over-blog.com"},
{"id":60,"oznakaPS":1757,"nazivNV":"Graham, Waters and Konopelski","region":"Sombor","mail":"abretton1n@woothemes.com"},
{"id":61,"oznakaPS":1601,"nazivNV":"Predovic-Schumm","region":"Puncakmanis","mail":"jschwandt1o@umich.edu"},
{"id":62,"oznakaPS":7995,"nazivNV":"Heathcote-Harvey","region":"Zhengwan","mail":"gmurford1p@sbwire.com"},
{"id":63,"oznakaPS":5745,"nazivNV":"Ziemann, Shanahan and Crist","region":"Haunubenak","mail":"mantognetti1q@rambler.ru"},
{"id":64,"oznakaPS":1632,"nazivNV":"Zieme and Sons","region":"Munkfors","mail":"gtotman1r@github.com"},
{"id":65,"oznakaPS":8920,"nazivNV":"Padberg-Altenwerth","region":"Skulsk","mail":"awabersich1s@guardian.co.uk"},
{"id":66,"oznakaPS":8551,"nazivNV":"Ward-Jast","region":"Panganiban","mail":"bwakeford1t@weibo.com"},
{"id":67,"oznakaPS":3711,"nazivNV":"Rempel Group","region":"Bambanglipuro","mail":"vsilson1u@163.com"},
{"id":68,"oznakaPS":5281,"nazivNV":"Huel and Sons","region":"Nizhniy Lomov","mail":"evaneschi1v@angelfire.com"},
{"id":69,"oznakaPS":9988,"nazivNV":"Berge Inc","region":"Horodyshche","mail":"cgolding1w@dot.gov"},
{"id":70,"oznakaPS":9306,"nazivNV":"Wehner Inc","region":"Itajaí","mail":"tjakucewicz1x@amazon.co.uk"},
{"id":71,"oznakaPS":7255,"nazivNV":"Bogisich, Collins and Botsford","region":"Porto-Novo","mail":"eloveday1y@tuttocitta.it"},
{"id":72,"oznakaPS":6358,"nazivNV":"Bernier, Cassin and Price","region":"Velká Bíteš","mail":"ltoretta1z@usatoday.com"},
{"id":73,"oznakaPS":4676,"nazivNV":"Kertzmann-Daniel","region":"Nowy Sącz","mail":"kgregory20@nih.gov"},
{"id":74,"oznakaPS":1625,"nazivNV":"Gottlieb LLC","region":"Créteil","mail":"bstainburn21@booking.com"},
{"id":75,"oznakaPS":2005,"nazivNV":"Littel-Pagac","region":"San Bartolomé Milpas Altas","mail":"obalentyne22@wisc.edu"},
{"id":76,"oznakaPS":4551,"nazivNV":"Vandervort Inc","region":"Qal‘ah-ye Shahr","mail":"sporkiss23@liveinternet.ru"},
{"id":77,"oznakaPS":7086,"nazivNV":"Quigley-Adams","region":"Jielin","mail":"htees24@fda.gov"},
{"id":78,"oznakaPS":3496,"nazivNV":"Schneider, Wiza and Simonis","region":"Kapinango","mail":"senderson25@ca.gov"},
{"id":79,"oznakaPS":6309,"nazivNV":"Terry-Thiel","region":"Columbus","mail":"rhenriquet26@domainmarket.com"},
{"id":80,"oznakaPS":8868,"nazivNV":"Harris and Sons","region":"Farsta","mail":"lcollyer27@t-online.de"}]